arm,seed,label,n_days,start,end,start_equity,end_equity,total_return,cagr,volatility,sharpe,sortino,max_drawdown,calmar,win_rate,turnover_per_cycle,total_costs,time_in_market,n_cycles,risk_free_rate
full,0,full/seed0,2765,2015-01-02,2025-12-30,100000.0,308505.6198039691,2.085056198039691,0.10792133734701892,0.11485378897657068,0.9519568294955308,1.2505572515791985,-0.1505403530802391,0.7168930797544766,0.5510130246020261,0.87662327519655,44383.49399999999,0.7753201292990185,571,0.0
full,1,full/seed1,2765,2015-01-02,2025-12-30,100000.0,285786.917624602,1.85786917624602,0.10023838146374442,0.1174154055594545,0.8742723648949488,1.1594955044852169,-0.152816911390253,0.6559377529085295,0.5455861070911722,0.9074894829186416,42767.5653,0.7800942114841999,571,0.0
full,2,full/seed2,2765,2015-01-02,2025-12-30,100000.0,314162.9795828705,2.141629795828705,0.10975437506005115,0.11970726280175252,0.9319997809220062,1.2080698575514282,-0.20303637486724757,0.5405650841225493,0.5477568740955138,0.8803083001462603,46843.2137,0.8002919649026333,571,0.0
full,3,full/seed3,2765,2015-01-02,2025-12-30,100000.0,271389.459860448,1.7138945986044805,0.09507670780280786,0.11903559924007313,0.8243291361259414,1.1092085383253139,-0.16073219210468587,0.591522498124606,0.5495658465991317,0.9108215660960092,42950.4712,0.7599732637172526,571,0.0
full,4,full/seed4,2765,2015-01-02,2025-12-30,100000.0,285841.4024895689,1.8584140248956893,0.1002574618591705,0.11681773270244697,0.8783440737778877,1.1463345308903738,-0.14045266436863885,0.7138167318494574,0.5539073806078147,0.9339107465732671,43036.297,0.7682903275141167,571,0.0
full,5,full/seed5,2765,2015-01-02,2025-12-30,100000.0,362540.5948550389,2.625405948550389,0.1243083422358604,0.1144108128203394,1.0838032350040496,1.4711633110127194,-0.12905884167464973,0.9631912128053568,0.5441389290882779,0.8784554400872594,48794.326499999996,0.7882438810320206,571,0.0
full,6,full/seed6,2765,2015-01-02,2025-12-30,100000.0,321954.4245915011,2.2195442459150114,0.11223036010785026,0.11536577972766877,0.9819818541556163,1.2920197478598376,-0.14351773552147834,0.7819964529126386,0.5455861070911722,0.8806300354215857,46155.9227,0.7840507702577206,571,0.0
full,7,full/seed7,2765,2015-01-02,2025-12-30,100000.0,279789.59511896723,1.7978959511896724,0.09811765387233295,0.11590981959340782,0.8674448711776157,1.1630867079237763,-0.15067211260699162,0.6511998283866899,0.5448625180897251,0.9171444140258622,44561.500199999995,0.7660226879025499,571,0.0
full,8,full/seed8,2765,2015-01-02,2025-12-30,100000.0,309894.84491590376,2.0989484491590376,0.10837427236992658,0.11592404545990193,0.9477337860644516,1.2799757421282505,-0.15284980010319132,0.709024626115058,0.5535455861070911,0.9138302327157295,46427.519100000005,0.7682364068419881,571,0.0
full,9,full/seed9,2765,2015-01-02,2025-12-30,100000.0,344262.66222615464,2.4426266222615465,0.11902967896943828,0.11561511307037574,1.0329151840770328,1.3897636257995092,-0.1483525967144319,0.8023430772739479,0.5510130246020261,0.8810078584539972,44580.1571,0.7761564480938221,571,0.0
full,10,full/seed10,2765,2015-01-02,2025-12-30,100000.0,317761.08268417127,2.1776108268417125,0.11090464539269607,0.11490335003234618,0.9750524444324258,1.2867169944197194,-0.14772727060234797,0.7507391488415772,0.5510130246020261,0.8801281829330078,46352.0312,0.7701645668127073,571,0.0
full,11,full/seed11,2765,2015-01-02,2025-12-30,100000.0,297513.98306252627,1.9751398306252628,0.10427085325837449,0.11473739631956548,0.9239398347514507,1.2411664403988336,-0.12631712938883696,0.8254688320014121,0.5535455861070911,0.9211231008368888,46087.039300000004,0.7588085495214367,571,0.0
full,12,full/seed12,2765,2015-01-02,2025-12-30,100000.0,281943.564604928,1.8194356460492802,0.09888403828378167,0.11678914731948302,0.8677052123676414,1.1726569686255304,-0.14940852646364158,0.6618366476416927,0.5481186685962374,0.902596043167589,44525.726500000004,0.7704170504269148,571,0.0
full,13,full/seed13,2765,2015-01-02,2025-12-30,100000.0,299393.1935747161,1.993931935747161,0.10490356331278994,0.11606013512620156,0.9196668551080797,1.2173298226506588,-0.13012030752629053,0.806204391206149,0.5477568740955138,0.8843479659991347,43176.035,0.7773502450200425,571,0.0
full,14,full/seed14,2765,2015-01-02,2025-12-30,100000.0,332268.3229819862,2.3226832298198623,0.11542546898778117,0.11586514162571386,1.0030719585410965,1.3091363700263967,-0.1329517712246291,0.8681754889354855,0.5492040520984081,0.8671069038208067,42648.4224,0.7849081595610627,571,0.0
full,15,full/seed15,2765,2015-01-02,2025-12-30,100000.0,301945.42789552535,2.0194542789552536,0.10575711690565992,0.1139857163655096,0.9410771497286156,1.2798811608875487,-0.14671470552136115,0.7208351509812495,0.5510130246020261,0.9169702837633688,46120.548,0.7693691079462287,571,0.0
full,16,full/seed16,2765,2015-01-02,2025-12-30,100000.0,302369.47861140565,2.0236947861140564,0.10589829805151685,0.11473637760421242,0.9368166310209327,1.2601198701010703,-0.15026898457078347,0.704724919476873,0.552821997105644,0.9053554395298222,44074.0264,0.7746226278057544,571,0.0
full,17,full/seed17,2765,2015-01-02,2025-12-30,100000.0,309345.25663894886,2.0934525663894887,0.10819530883714967,0.11751602402867926,0.9350784696067914,1.265500818653875,-0.16637900534652159,0.6502942400202999,0.5510130246020261,0.9063777921727664,48511.9238,0.7603578200130936,571,0.0
full,18,full/seed18,2765,2015-01-02,2025-12-30,100000.0,317766.21229421627,2.177662122942163,0.11090627679817278,0.11685459497062739,0.9607292416199374,1.2553424280653573,-0.1656336921636147,0.6695876626877241,0.5492040520984081,0.8916945520373946,45083.8718,0.7787645803725932,571,0.0
full,19,full/seed19,2765,2015-01-02,2025-12-30,100000.0,331133.7209005379,2.311337209005379,0.11507843272887719,0.11724257146637786,0.9899958410044613,1.2960844009074712,-0.1483033892353461,0.7759663034150658,0.5492040520984081,0.9282255770656499,49671.5985,0.7726518530004435,571,0.0
no_pods,0,no_pods/seed0,2765,2015-01-02,2025-12-30,100000.0,363702.26789340493,2.6370226789340494,0.12463559679407687,0.11186354553549521,1.1085964284906296,1.4798903969200854,-0.1477956882043777,0.8432965691240321,0.5517366136034733,0.8752607305389501,48820.1318,0.742485171769835,571,0.0
no_pods,1,no_pods/seed1,2765,2015-01-02,2025-12-30,100000.0,307891.3802470224,2.0789138024702236,0.10772048281450353,0.11492920456886267,0.9497909609020833,1.3144010649190032,-0.15595428244166523,0.6907183382719639,0.5506512301013025,0.9556088153077973,46405.9902,0.7487467807751957,571,0.0
no_pods,2,no_pods/seed2,2765,2015-01-02,2025-12-30,100000.0,327815.71504406503,2.2781571504406504,0.11405732892990339,0.11611771930377629,0.9904876310647529,1.3735240206400754,-0.12070573455862847,0.9449205486960865,0.546671490593343,0.9094927913706339,50827.6673,0.7709782138588173,571,0.0
no_pods,3,no_pods/seed3,2765,2015-01-02,2025-12-30,100000.0,299272.07672861696,1.9927207672861695,0.10486289355870837,0.11381543555404759,0.9351698837120815,1.2816951798432685,-0.13944711923708297,0.7519903898511109,0.5539073806078147,0.8753081127054703,39706.871199999994,0.7646493173393948,571,0.0
no_pods,4,no_pods/seed4,2765,2015-01-02,2025-12-30,100000.0,309293.8980319136,2.0929389803191363,0.10817857006755194,0.11568050103951033,0.9479418047491587,1.2853290306858494,-0.12699356245273172,0.8518429436753308,0.546671490593343,0.8571550412568688,42089.1897,0.7805725594061025,571,0.0
no_pods,5,no_pods/seed5,2765,2015-01-02,2025-12-30,100000.0,355702.294501459,2.55702294501459,0.1223623820405706,0.11480570642321916,1.0654114927332934,1.4180768734490599,-0.1653587176857113,0.7399814400661863,0.5568017366136034,0.9437826179154727,53846.1985,0.7644197595367204,571,0.0
no_pods,6,no_pods/seed6,2765,2015-01-02,2025-12-30,100000.0,283151.4783974629,1.831514783974629,0.09931148904361242,0.11452885511878926,0.8859898880202857,1.1949094528077608,-0.1776681558917578,0.5589718007998955,0.5510130246020261,0.8753921920601612,40307.332899999994,0.7541414708855857,571,0.0
no_pods,7,no_pods/seed7,2765,2015-01-02,2025-12-30,100000.0,363867.1086705269,2.6386710867052687,0.12468195703635088,0.11186525937082577,1.108880261583047,1.515774990072913,-0.14731700147639504,0.8463514447538424,0.554630969609262,0.8340797053242339,45533.715200000006,0.7703337822758213,571,0.0
no_pods,8,no_pods/seed8,2765,2015-01-02,2025-12-30,100000.0,329598.4649154241,2.2959846491542413,0.11460712516762595,0.1132561375165005,1.016996502251766,1.367584574663684,-0.16349741765898063,0.700972081447005,0.5517366136034733,0.9077906090105506,48384.12330000001,0.7682517968313414,571,0.0
no_pods,9,no_pods/seed9,2765,2015-01-02,2025-12-30,100000.0,318178.80785826314,2.1817880785826316,0.11103741908987952,0.1142704650298279,0.9808069801015642,1.343839049198065,-0.14448010917160267,0.7685308360197706,0.5434153400868307,0.8672523927224944,43546.1792,0.763886093550554,571,0.0
no_pods,10,no_pods/seed10,2765,2015-01-02,2025-12-30,100000.0,325020.70018900227,2.250207001890023,0.11318985691225159,0.11571914361578414,0.9867971027090724,1.3090013799630755,-0.16451436593446328,0.6880241507744219,0.5477568740955138,0.9010937815223405,50473.178199999995,0.7842688221529311,571,0.0
no_pods,11,no_pods/seed11,2765,2015-01-02,2025-12-30,100000.0,322551.25347151933,2.225512534715193,0.11241776857522434,0.11611626924960493,0.9777852717182985,1.3131142350230303,-0.1428411977295661,0.7870122230986828,0.5510130246020261,0.8678140449573443,43389.8086,0.76512981981874,571,0.0
no_pods,12,no_pods/seed12,2765,2015-01-02,2025-12-30,100000.0,319337.6303701311,2.193376303701311,0.11140492234308241,0.114037699740311,0.9855182634932123,1.3290388603126242,-0.15788856456496653,0.7055920905357433,0.5531837916063675,0.8525115667371287,42039.8113,0.7616013137199933,571,0.0
no_pods,13,no_pods/seed13,2765,2015-01-02,2025-12-30,100000.0,329807.2910799168,2.298072910799168,0.1146713497353895,0.11484532095625977,1.0050674821627128,1.3354536363782616,-0.20090998268883012,0.5707598408038926,0.5481186685962374,0.8970475881286565,43858.697199999995,0.755288610925253,571,0.0
no_pods,14,no_pods/seed14,2765,2015-01-02,2025-12-30,100000.0,315727.7029905195,2.1572770299051953,0.11025606220437445,0.11387157979710233,0.9777511588763429,1.284801136163623,-0.15669462694679384,0.7036365212561644,0.5517366136034733,0.861115053889871,45567.279500000004,0.7549643152774488,571,0.0
no_pods,15,no_pods/seed15,2765,2015-01-02,2025-12-30,100000.0,293344.6721830113,1.933446721830113,0.10285401783787007,0.11137519392806088,0.9368561062805627,1.2508244313171422,-0.1531371654294789,0.6716463475695932,0.5568017366136034,0.8535854850348156,42382.1266,0.7591931557819086,571,0.0
no_pods,16,no_pods/seed16,2765,2015-01-02,2025-12-30,100000.0,364487.9068468304,2.644879068468304,0.12485638073666472,0.11460377352534659,1.0864433300701681,1.4770219477523343,-0.12040038536547835,1.0370098098744458,0.5441389290882779,0.8655539035472786,46223.092000000004,0.7777573051603256,571,0.0
no_pods,17,no_pods/seed17,2765,2015-01-02,2025-12-30,100000.0,325971.48951064737,2.2597148951064736,0.11348570614105569,0.11715723382196434,0.9783575367632648,1.303343051144886,-0.1877826251137961,0.604346147958489,0.5481186685962374,0.8996966229277391,46095.6591,0.7546444657343518,571,0.0
no_pods,18,no_pods/seed18,2765,2015-01-02,2025-12-30,100000.0,369779.65777865925,2.6977965777865927,0.12633232202923517,0.11654880262549909,1.081535949385128,1.4651015433447288,-0.14202459190983405,0.8895101920760223,0.5473950795947902,0.9086114545467917,47260.8157,0.7732806238743558,571,0.0
no_pods,19,no_pods/seed19,2765,2015-01-02,2025-12-30,100000.0,300504.42240988516,2.0050442240988517,0.1052760056933304,0.11682733188938202,0.9172912905244313,1.2097482323281799,-0.1610845062779409,0.6535451988888581,0.5568017366136034,0.8279532617728231,43253.7917,0.7576445849094106,571,0.0
hmm_only,0,hmm_only/seed0,2765,2015-01-02,2025-12-30,100000.0,342320.3884830271,2.4232038848302713,0.11845386388906753,0.12279770664929024,0.9752528386703967,1.3096222649443938,-0.14271809060367688,0.8299849261437343,0.5434153400868307,1.5025837892423628,72409.3129,0.7845339330657716,571,0.0
hmm_only,1,hmm_only/seed1,2765,2015-01-02,2025-12-30,100000.0,263692.8541730101,1.636928541730101,0.09221437844304647,0.11972791511570442,0.7984695133165155,1.0291407292804817,-0.20008908860526778,0.4608666024011203,0.548480463096961,1.5035299355999199,72034.3406,0.7828297173272807,571,0.0
hmm_only,2,hmm_only/seed2,2765,2015-01-02,2025-12-30,100000.0,271098.308957494,1.7109830895749396,0.09496978108385101,0.11951499320333682,0.8206764530986025,1.1041061325201003,-0.20146131185483507,0.47140456005906695,0.5437771345875543,1.5047092407277556,71570.66519999999,0.7845130831414048,571,0.0
hmm_only,3,hmm_only/seed3,2765,2015-01-02,2025-12-30,100000.0,160436.58034120523,0.6043658034120523,0.04394286088494237,0.1030056546166427,0.47006822185569924,0.5010802320438581,-0.21392502869519944,0.2054124342203651,0.37337192474674386,1.0615543121765976,42300.0215,0.5519831986390799,571,0.0
hmm_only,4,hmm_only/seed4,2765,2015-01-02,2025-12-30,100000.0,244949.76190586935,1.4494976190586937,0.0849128791447662,0.1220698649192347,0.7303750360531543,0.9425389154990069,-0.22338064852875333,0.3801263883153079,0.5441389290882779,1.498384871863601,65680.3843,0.7802289747877578,571,0.0
hmm_only,5,hmm_only/seed5,2765,2015-01-02,2025-12-30,100000.0,238988.94847218442,1.3898894847218441,0.08248414433889817,0.12015081186338468,0.721361176135362,0.9467796269371674,-0.18954349612055235,0.43517264388980714,0.5408827785817656,1.5048356095439452,63538.88540000001,0.7856961714988436,571,0.0
hmm_only,6,hmm_only/seed6,2765,2015-01-02,2025-12-30,100000.0,301421.07332643046,2.0142107332643047,0.10558229169865285,0.12171477168522352,0.8875025885774575,1.1880977492827827,-0.1837126874875274,0.5747142080528381,0.5340086830680174,1.5018889314335742,67579.0325,0.7847818052196149,571,0.0
hmm_only,7,hmm_only/seed7,2765,2015-01-02,2025-12-30,100000.0,290929.31449353177,1.9092931449353179,0.10202482267169644,0.11859529257572143,0.8805081048823843,1.1450332839966753,-0.1554131720038415,0.6564747463565996,0.5513748191027497,1.490115946271802,73173.6857,0.7836744174556514,571,0.0
hmm_only,8,hmm_only/seed8,2765,2015-01-02,2025-12-30,100000.0,287274.3694213771,1.8727436942137707,0.10075809834062621,0.12044825874554403,0.8591285859584491,1.1565547196463721,-0.14652549020988181,0.6876489421485723,0.5401591895803184,1.5113110568240862,74869.6215,0.7827098441968631,571,0.0
hmm_only,9,hmm_only/seed9,2765,2015-01-02,2025-12-30,100000.0,287914.1367039292,1.879141367039292,0.10098088157847562,0.1201893737304755,0.8625264502803237,1.124477136896171,-0.18898027514577873,0.5343461453878153,0.5437771345875543,1.5112859134964471,66755.6333,0.787757314026457,571,0.0
hmm_only,10,hmm_only/seed10,2765,2015-01-02,2025-12-30,100000.0,295463.2974526633,1.9546329745266329,0.10357625063923548,0.11743466698703649,0.8999676082775895,1.2192096373244863,-0.16286555337316702,0.635961678169696,0.5434153400868307,1.5030503642319273,75256.30380000001,0.7818423915891265,571,0.0
hmm_only,11,hmm_only/seed11,2765,2015-01-02,2025-12-30,100000.0,279201.666459886,1.7920166645988602,0.09790753659565254,0.12055706640279587,0.8370042353293214,1.0804152610487574,-0.20766852362635718,0.4714606474104397,0.5463096960926194,1.497914578136813,73836.7995,0.7843595177313136,571,0.0
hmm_only,12,hmm_only/seed12,2765,2015-01-02,2025-12-30,100000.0,153777.92139325733,0.5377792139325732,0.039924953947197306,0.10233257216184048,0.4346766529117314,0.47349007511715896,-0.20925002122822617,0.19080023845565922,0.3744573082489146,1.071636938619461,42832.1011,0.5610313188670139,571,0.0
hmm_only,13,hmm_only/seed13,2765,2015-01-02,2025-12-30,100000.0,230669.42881399073,1.3066942881399073,0.07900062609682967,0.12069275481779307,0.6918934472409354,0.9069623161781774,-0.16675742680845562,0.4737457731797038,0.538712011577424,1.5026599886196714,65131.706699999995,0.7799407566846528,571,0.0
hmm_only,14,hmm_only/seed14,2765,2015-01-02,2025-12-30,100000.0,154058.3098321134,0.5405830983211339,0.04009730468452832,0.10997084025383175,0.41358559759867414,0.4354471684922417,-0.21545100130034298,0.1861086949817972,0.3954413892908828,1.1263448286227404,44565.4756,0.5829712792504457,571,0.0
hmm_only,15,hmm_only/seed15,2765,2015-01-02,2025-12-30,100000.0,257602.41758165671,1.576024175816567,0.0898950330092072,0.1182288476657232,0.7889840345343425,1.0359643010156863,-0.1887604693760627,0.47623866006664567,0.5477568740955138,1.496987887866988,65796.4771,0.7792780862993527,571,0.0
hmm_only,16,hmm_only/seed16,2765,2015-01-02,2025-12-30,100000.0,302993.9209593655,2.029939209593655,0.10610586918493659,0.11780399200277321,0.9171207165888225,1.1886246248546761,-0.1863620355896838,0.5693534568304004,0.5513748191027497,1.509130835134102,77565.72690000001,0.7863108814164272,571,0.0
hmm_only,17,hmm_only/seed17,2765,2015-01-02,2025-12-30,100000.0,257655.6525433639,1.5765565254336389,0.08991552082076426,0.11972193291936772,0.7808151872950878,1.015239535611916,-0.19100464363917058,0.4707504441128922,0.552821997105644,1.5061598780120198,64668.9731,0.7871247870391717,571,0.0
hmm_only,18,hmm_only/seed18,2765,2015-01-02,2025-12-30,100000.0,340353.82307151007,2.4035382307151005,0.11786781339164198,0.11841035411717449,1.002507112673614,1.3556812745693294,-0.1416703010568566,0.8319867503093542,0.5492040520984081,1.50284450803249,73353.9559,0.7818372694031167,571,0.0
hmm_only,19,hmm_only/seed19,2765,2015-01-02,2025-12-30,100000.0,252511.5621624284,1.525115621624284,0.08791777629049147,0.11844064246805838,0.7723821033279608,1.0258373313031615,-0.1703178227803507,0.5161983335347944,0.5430535455861071,1.4838510688402091,63106.625400000004,0.7778015740265769,571,0.0
no_decay,0,no_decay/seed0,2765,2015-01-02,2025-12-30,100000.0,313821.5660771375,2.1382156607713747,0.10964460804836396,0.11496797547607068,0.9646500588246405,1.28273424244732,-0.16079300308096484,0.6818991246351317,0.5542691751085383,0.8760625384000856,41915.077900000004,0.7713887836552973,571,0.0
no_decay,1,no_decay/seed1,2765,2015-01-02,2025-12-30,100000.0,309870.5499032968,2.098705499032968,0.10836636723359905,0.11716376504882528,0.938877556651594,1.2471239764433368,-0.13762709623099595,0.7873912201977644,0.5506512301013025,0.8592859532471233,40933.13710000001,0.7830825456198819,571,0.0
no_decay,2,no_decay/seed2,2765,2015-01-02,2025-12-30,100000.0,339599.9479104353,2.3959994791043533,0.11764233675647251,0.11602068545255176,1.0190602980881123,1.323521761184534,-0.17276458452002327,0.6809401190834795,0.5495658465991317,0.8308523620676186,45305.365099999995,0.7897713809651307,571,0.0
no_decay,3,no_decay/seed3,2765,2015-01-02,2025-12-30,100000.0,284810.6290909713,1.8481062909097132,0.09989592720042251,0.11486006454654354,0.8884502183724341,1.1898261641450811,-0.16306855119054278,0.6126008140202083,0.552821997105644,0.8545766387848235,39054.7452,0.7540461494653601,571,0.0
no_decay,4,no_decay/seed4,2765,2015-01-02,2025-12-30,100000.0,296716.9755232522,1.967169755232522,0.10400141162249299,0.11826736245370936,0.8978042875838375,1.1726188162020927,-0.17163936642944372,0.6059298270903671,0.5502894356005789,0.9486648632252775,46875.244699999996,0.7590925045614497,571,0.0
no_decay,5,no_decay/seed5,2765,2015-01-02,2025-12-30,100000.0,353753.2003865042,2.5375320038650417,0.12180150458827366,0.11198697146523529,1.0848900997118058,1.439050425034221,-0.13972521895875806,0.8717216941647817,0.5495658465991317,0.7497536452894205,39923.838299999996,0.784296279358466,571,0.0
no_decay,6,no_decay/seed6,2765,2015-01-02,2025-12-30,100000.0,300985.1437856468,2.0098514378564682,0.10543673771864004,0.12257074294960728,0.8811550046020181,1.145159979447017,-0.15883584144133137,0.6638094825567744,0.524602026049204,0.8988407203721016,42352.231199999995,0.815791963534545,571,0.0
no_decay,7,no_decay/seed7,2765,2015-01-02,2025-12-30,100000.0,306284.0986835181,2.062840986835181,0.10719317774112525,0.11456059254663557,0.9483368485656429,1.2613072209612297,-0.1484557286912421,0.7220548421143477,0.5524602026049205,0.8506584383464562,43268.742399999996,0.7586857979073661,571,0.0
no_decay,8,no_decay/seed8,2765,2015-01-02,2025-12-30,100000.0,282261.8504796333,1.822618504796333,0.09899683305955875,0.11610365679794411,0.8730908404656335,1.1693360699262165,-0.15911326409551493,0.6221783810564745,0.5520984081041969,0.879686590985175,41970.9264,0.7743726447178463,571,0.0
no_decay,9,no_decay/seed9,2765,2015-01-02,2025-12-30,100000.0,193406.2943098423,0.9340629430984231,0.06184376113040346,0.10928827330749666,0.6049804922981865,0.7054624985998504,-0.23178352075795752,0.2668169028072729,0.38531114327062227,0.6970214427630307,31372.736900000004,0.6024401988883726,571,0.0
no_decay,10,no_decay/seed10,2765,2015-01-02,2025-12-30,100000.0,336827.55949575023,2.3682755949575025,0.11680921045820303,0.11533775416528502,1.0178709799640528,1.3681405538098474,-0.14266611268025284,0.8187593273814013,0.5448625180897251,0.8474871351272394,46418.9163,0.7733570638221026,571,0.0
no_decay,11,no_decay/seed11,2765,2015-01-02,2025-12-30,100000.0,365232.3043951319,2.652323043951319,0.12506517605667966,0.11437615495547435,1.0900315350150693,1.4801218002538294,-0.12622889816444122,0.9907808582291073,0.5560781476121563,0.7498362440377663,46089.48640000001,0.7631551812851983,571,0.0
no_decay,12,no_decay/seed12,2765,2015-01-02,2025-12-30,100000.0,272376.98321142077,1.7237698321142076,0.09543860599446075,0.11773277517542742,0.8349426887938773,1.1297385398627116,-0.13302056605864132,0.7174725594866828,0.5502894356005789,0.9001158086653882,43090.1994,0.7646200459584215,571,0.0
no_decay,13,no_decay/seed13,2765,2015-01-02,2025-12-30,100000.0,315163.56276009505,2.1516356276009505,0.11007544664166469,0.11530046649805882,0.9655979148359064,1.3021180075053356,-0.12622298994971318,0.8720712976734142,0.5463096960926194,0.8929323244351862,43754.1198,0.7797956688067398,571,0.0
no_decay,14,no_decay/seed14,2765,2015-01-02,2025-12-30,100000.0,301450.22962665476,2.0145022962665475,0.10559201996511192,0.11786851924256836,0.9126834820571804,1.1904979434846235,-0.16475761258456698,0.6408931175238627,0.5495658465991317,0.8651276185694895,40633.6383,0.7893038469068503,571,0.0
no_decay,15,no_decay/seed15,2765,2015-01-02,2025-12-30,100000.0,302057.8087061999,2.0205780870619994,0.10579454990828108,0.11518498942733371,0.9327817632182608,1.2586648291731501,-0.13765468519710372,0.76855030220582,0.548480463096961,0.8482061164754756,44579.7375,0.7780028752566619,571,0.0
no_decay,16,no_decay/seed16,2765,2015-01-02,2025-12-30,100000.0,291169.5864034976,1.911695864034976,0.10210758803039188,0.1166300912561517,0.8939092778834472,1.2205996734766618,-0.15584770203838094,0.6551754481772573,0.5510130246020261,0.9256001422699797,46354.1957,0.7603666865590607,571,0.0
no_decay,17,no_decay/seed17,2765,2015-01-02,2025-12-30,100000.0,300923.31949874037,2.0092331949874036,0.10541607948552878,0.11669733104112283,0.9192594730897857,1.2450500672055747,-0.1450101465455978,0.7269565750861521,0.5557163531114327,0.9021106898811707,45525.529800000004,0.7601501725285909,571,0.0
no_decay,18,no_decay/seed18,2765,2015-01-02,2025-12-30,100000.0,303538.8665124768,2.0353886651247683,0.10628669724028761,0.11659655745385958,0.9267206333443208,1.2298833440859698,-0.17214284867456356,0.6174331263753097,0.5524602026049205,0.8515932138978882,39756.355599999995,0.7821866829410873,571,0.0
no_decay,19,no_decay/seed19,2765,2015-01-02,2025-12-30,100000.0,330206.27050508943,2.3020627050508944,0.11479395329693909,0.11601762548434438,0.9969856454834046,1.3322861410985751,-0.1593249655282197,0.7205019810696695,0.548480463096961,0.906166326889555,48815.969,0.7651962018727116,571,0.0
no_bandit_a,0,no_bandit_a/seed0,2765,2015-01-02,2025-12-30,100000.0,299519.90046355594,1.9951990046355594,0.10494609413993361,0.11583672024925726,0.9215456219854248,1.2242371436585784,-0.1527036333350049,0.6872534192405255,0.557163531114327,0.8929474192665708,44602.1327,0.7681135506945614,571,0.0
no_bandit_a,1,no_bandit_a/seed1,2765,2015-01-02,2025-12-30,100000.0,319968.8363278671,2.1996883632786712,0.11160459018686364,0.11514043306194574,0.9787317657522702,1.3130276724221763,-0.13748331439180497,0.81176825479206,0.5452243125904487,0.8571530266170552,43742.26730000001,0.7793257905717519,571,0.0
no_bandit_a,2,no_bandit_a/seed2,2765,2015-01-02,2025-12-30,100000.0,323280.15149235516,2.2328015149235516,0.11264622058036067,0.11825615393340586,0.9640135896444515,1.2609459575949495,-0.16757929802496688,0.6721965177558986,0.548480463096961,0.8810461919560597,47656.593100000006,0.7976061532655117,571,0.0
no_bandit_a,3,no_bandit_a/seed3,2765,2015-01-02,2025-12-30,100000.0,260546.8929625593,1.605468929625593,0.09102249408375651,0.11866263883729147,0.7952094308683803,1.074535727689855,-0.15908188858908678,0.5721738338100216,0.5477568740955138,0.9005214679096666,42257.6325,0.7619402573918238,571,0.0
no_bandit_a,4,no_bandit_a/seed4,2765,2015-01-02,2025-12-30,100000.0,274388.4814436521,1.7438848144365213,0.09617208655553466,0.11650119116974601,0.84836604737735,1.1228417877890131,-0.1392613986744131,0.6905868206909274,0.554630969609262,0.907665843900445,44645.826,0.7665629571300207,571,0.0
no_bandit_a,5,no_bandit_a/seed5,2765,2015-01-02,2025-12-30,100000.0,348540.32910680526,2.4854032910680526,0.12028751192619969,0.11490853510131639,1.0483851570565157,1.401462838527049,-0.17786147933009322,0.6762988387325736,0.5448625180897251,0.8779695015142741,49151.782699999996,0.7915244346103825,571,0.0
no_bandit_a,6,no_bandit_a/seed6,2765,2015-01-02,2025-12-30,100000.0,322677.4998088712,2.226774998088712,0.11245737041828519,0.1154570909877641,0.9830637121351314,1.3093030208478986,-0.13072514303544466,0.8602581554475226,0.5423299565846599,0.889993914544448,46458.236899999996,0.7889156944478506,571,0.0
no_bandit_a,7,no_bandit_a/seed7,2765,2015-01-02,2025-12-30,100000.0,263420.6334102724,1.6342063341027244,0.09211175671748628,0.11493649870495698,0.8259792732001353,1.110151179830457,-0.19048893887632326,0.4835543589084231,0.5510130246020261,0.9254263948374964,44919.8251,0.7770075674051875,571,0.0
no_bandit_a,8,no_bandit_a/seed8,2765,2015-01-02,2025-12-30,100000.0,265836.65430091665,1.6583665430091665,0.09301919892295873,0.11450010165079093,0.8359467985479334,1.1262658693244954,-0.1738851768421789,0.5349461099112808,0.554630969609262,0.905664296877735,45353.043099999995,0.7671580703501072,571,0.0
no_bandit_a,9,no_bandit_a/seed9,2765,2015-01-02,2025-12-30,100000.0,340927.4133062094,2.4092741330620937,0.1180390646651035,0.11808016815433225,1.0062418070281212,1.3645489371370452,-0.1464963423681091,0.8057475207708634,0.5463096960926194,0.895106182828728,43865.7077,0.7795733566990917,571,0.0
no_bandit_a,10,no_bandit_a/seed10,2765,2015-01-02,2025-12-30,100000.0,331767.8119869164,2.3176781198691643,0.11527251266289973,0.11482642379972616,1.0098682739659255,1.339017789588579,-0.13234950540529905,0.8709704831151142,0.5488422575976846,0.8556072563237392,44631.0932,0.7748092989673511,571,0.0
no_bandit_a,11,no_bandit_a/seed11,2765,2015-01-02,2025-12-30,100000.0,273696.0616560642,1.736960616560642,0.09592015321530845,0.11506579891741135,0.8554870756984789,1.1552039393701388,-0.14526720835836648,0.6603014837228683,0.5470332850940666,0.9212349672358995,45686.1976,0.7668311890049463,571,0.0
no_bandit_a,12,no_bandit_a/seed12,2765,2015-01-02,2025-12-30,100000.0,283932.63450405066,1.8393263450405066,0.09958703908946132,0.11674985586873858,0.8734466720197807,1.1857483666642092,-0.1350517098940788,0.7373993203608272,0.5477568740955138,0.8779127077201404,44224.778000000006,0.7795038699843038,571,0.0
no_bandit_a,13,no_bandit_a/seed13,2765,2015-01-02,2025-12-30,100000.0,299162.1043414127,1.9916210434141273,0.10482595303360576,0.11692925041824066,0.9131045133488448,1.2030929915137147,-0.13012030752629053,0.8056079410389181,0.546671490593343,0.8922302684220921,43345.121100000004,0.77638441380105,571,0.0
no_bandit_a,14,no_bandit_a/seed14,2765,2015-01-02,2025-12-30,100000.0,313064.41276714404,2.1306441276714403,0.10940078972496092,0.11649291304645638,0.9516680380971402,1.2509658559736525,-0.14291713092030248,0.7654840887196939,0.5463096960926194,0.8633754266496847,43788.7283,0.7752742091926075,571,0.0
no_bandit_a,15,no_bandit_a/seed15,2765,2015-01-02,2025-12-30,100000.0,250946.52487676463,1.509465248767646,0.08730264091874784,0.11752094771119316,0.7727467077403362,1.015203088695117,-0.18135184058360315,0.4813992548286343,0.5481186685962374,0.9026388393537434,41417.5895,0.7752563123399759,571,0.0
no_bandit_a,16,no_bandit_a/seed16,2765,2015-01-02,2025-12-30,100000.0,302897.56540890364,2.0289756540890362,0.10607386498500815,0.11733359900301583,0.9199957859512562,1.247969484628342,-0.15876188291905943,0.6681318149841239,0.5568017366136034,0.9373625386725912,49339.6865,0.776043419745223,571,0.0
no_bandit_a,17,no_bandit_a/seed17,2765,2015-01-02,2025-12-30,100000.0,278245.65400988155,1.7824565400988153,0.09756501116256766,0.11623274720390256,0.860966777795375,1.178105155056294,-0.1511573952857402,0.6454531118251657,0.5520984081041969,0.9091983296036343,46657.11869999999,0.7697980467507568,571,0.0
no_bandit_a,18,no_bandit_a/seed18,2765,2015-01-02,2025-12-30,100000.0,291465.2786583867,1.9146527865838672,0.10220935860607816,0.11667361365993167,0.8944311346545194,1.2012173683873553,-0.15415575069541015,0.663026569849018,0.5492040520984081,0.9083217044300046,47643.655199999994,0.7746343687555941,571,0.0
no_bandit_a,19,no_bandit_a/seed19,2765,2015-01-02,2025-12-30,100000.0,362200.6170402495,2.622006170402495,0.12421238687952907,0.11676388419680409,1.0636075456556953,1.4134952919536805,-0.1661953153034706,0.7473880154366492,0.5477568740955138,0.9100753628191565,51427.076700000005,0.7710194138245813,571,0.0
no_bandit_b,0,no_bandit_b/seed0,2765,2015-01-02,2025-12-30,100000.0,158985.57258341752,0.5898557258341752,0.04308039956083909,0.10350821727960015,0.46029425220024095,0.4903041474839333,-0.22217113815968212,0.1939063728875337,0.3795224312590449,0.990125877674783,39609.1736,0.5732390809714754,571,0.0
no_bandit_b,1,no_bandit_b/seed1,2765,2015-01-02,2025-12-30,100000.0,234468.932118934,1.3446893211893398,0.08060547248234817,0.11929829520432804,0.7109900490170137,0.9509430235839667,-0.1852596006804213,0.4350947113472147,0.534370477568741,1.3452899476195108,59347.8688,0.7915086162223073,571,0.0
no_bandit_b,2,no_bandit_b/seed2,2765,2015-01-02,2025-12-30,100000.0,311080.1661195825,2.1108016611958247,0.108759270819061,0.11926175386974437,0.9274132111994243,1.232293851421846,-0.16525767690340604,0.6581193252682074,0.5481186685962374,1.3509088876326454,70711.1679,0.7918618112664009,571,0.0
no_bandit_b,3,no_bandit_b/seed3,2765,2015-01-02,2025-12-30,100000.0,261634.29849302798,1.61634298493028,0.09143594274676747,0.11657562271523661,0.8106705756086644,1.0757979099843624,-0.1708425510970325,0.5352059083619929,0.5397973950795948,1.3293859563173256,60062.058300000004,0.7811661845658984,571,0.0
no_bandit_b,4,no_bandit_b/seed4,2765,2015-01-02,2025-12-30,100000.0,274979.4038545498,1.749794038545498,0.09638663396124536,0.12097565206638629,0.8230677410856632,1.049790540321041,-0.17606363297807529,0.5474533969956653,0.5499276410998553,1.3086005626051394,62283.90929999999,0.781820440889734,571,0.0
no_bandit_b,5,no_bandit_b/seed5,2765,2015-01-02,2025-12-30,100000.0,311608.4967481365,2.1160849674813647,0.10893044584044409,0.11954423400912591,0.9266411718170651,1.2762270024586542,-0.1693332249115817,0.6432904463806364,0.5397973950795948,1.305330734982772,73592.49179999999,0.7756378720288009,571,0.0
no_bandit_b,6,no_bandit_b/seed6,2765,2015-01-02,2025-12-30,100000.0,302349.66809502116,2.0234966809502115,0.10589170645458701,0.11992510787241903,0.9013578973908267,1.1745756825414906,-0.16041237397694968,0.6601218087440252,0.5502894356005789,1.302291168315366,61862.5438,0.7684396226165678,571,0.0
no_bandit_b,7,no_bandit_b/seed7,2765,2015-01-02,2025-12-30,100000.0,301703.5458106564,2.0170354581065637,0.10567650524965466,0.11608441550893418,0.9255819417462555,1.2186329658364754,-0.1300329220117561,0.8126903834407458,0.5437771345875543,1.3180599970014546,63270.418300000005,0.779667542307027,571,0.0
no_bandit_b,8,no_bandit_b/seed8,2765,2015-01-02,2025-12-30,100000.0,269170.7875893811,1.6917078758938109,0.09425924395864627,0.11981799986307438,0.8136320099651269,1.0300061795860076,-0.1783529127425608,0.5284984837601306,0.5477568740955138,1.3095990158943545,66755.5536,0.7754308201037731,571,0.0
no_bandit_b,9,no_bandit_b/seed9,2765,2015-01-02,2025-12-30,100000.0,230830.43667551322,1.3083043667551322,0.07906911901528813,0.11973462416371143,0.6969954139397981,0.9122004172259458,-0.13900825161622832,0.5688088159944694,0.5390738060781476,1.348702980502924,58182.282400000004,0.7884979611312091,571,0.0
no_bandit_b,10,no_bandit_b/seed10,2765,2015-01-02,2025-12-30,100000.0,255610.42915603245,1.5561042915603247,0.08912562362892773,0.11775710443309706,0.78578077795398,0.99714091195991,-0.15241103914837392,0.5847714452111497,0.5397973950795948,1.3200581957953368,62129.4482,0.7815368903101058,571,0.0
no_bandit_b,11,no_bandit_b/seed11,2765,2015-01-02,2025-12-30,100000.0,160414.00903109444,0.6041400903109444,0.04392949915939681,0.10510433664682237,0.46255839530148407,0.5284152703333919,-0.21449734537929543,0.20480206448110733,0.3983357452966715,0.9922149574378635,41942.9902,0.5876468107388808,571,0.0
no_bandit_b,12,no_bandit_b/seed12,2765,2015-01-02,2025-12-30,100000.0,280278.7584436834,1.802787584436834,0.09829216817091235,0.11534758107884557,0.872512918498855,1.1481245894279264,-0.20558580470644053,0.47810775802962374,0.540520984081042,1.2985780622100471,63880.4535,0.7776696631834156,571,0.0
no_bandit_b,13,no_bandit_b/seed13,2765,2015-01-02,2025-12-30,100000.0,249217.337169359,1.4921733716935899,0.08661891807507782,0.12195147671363958,0.7439028836913762,0.9540695143985958,-0.22461002958475948,0.3856413635455716,0.5372648335745297,1.3331076028712443,56586.8332,0.7793999714255807,571,0.0
no_bandit_b,14,no_bandit_b/seed14,2765,2015-01-02,2025-12-30,100000.0,227157.2306654076,1.2715723066540763,0.07749561479556277,0.12095844725188615,0.6790869873713893,0.8750762289541907,-0.1947018303948251,0.3980220146796447,0.5470332850940666,1.3008774478107856,54657.9776,0.7793524543781888,571,0.0
no_bandit_b,15,no_bandit_b/seed15,2765,2015-01-02,2025-12-30,100000.0,306180.42482878536,2.0618042482878534,0.10715907889390275,0.11754936957977882,0.9268619826464002,1.2588233737305414,-0.19138681923487794,0.5599083537847642,0.5481186685962374,1.3145415620390186,64307.958999999995,0.780009434191332,571,0.0
no_bandit_b,16,no_bandit_b/seed16,2765,2015-01-02,2025-12-30,100000.0,164012.66098932974,0.6401266098932974,0.046038541422400936,0.10718007986184953,0.47474148594392984,0.4727733735698527,-0.22242718408450113,0.20698253053867138,0.36324167872648333,0.952810404881482,39605.1329,0.5494006329728467,571,0.0
no_bandit_b,17,no_bandit_b/seed17,2765,2015-01-02,2025-12-30,100000.0,258435.00253638066,1.5843500253638068,0.0902150189000539,0.12160587199134865,0.7727677766706911,1.0305789447896623,-0.18638357744505168,0.48402879769088275,0.5437771345875543,1.3457715333165179,63450.4718,0.7807708450522058,571,0.0
no_bandit_b,18,no_bandit_b/seed18,2765,2015-01-02,2025-12-30,100000.0,249273.09949662618,1.4927309949662617,0.08664103376100862,0.11868658520866714,0.761191487739854,0.9952625947618514,-0.20001839353580997,0.4331653315948515,0.5397973950795948,1.339154410870509,59569.022899999996,0.7848369951679796,571,0.0
no_bandit_b,19,no_bandit_b/seed19,2765,2015-01-02,2025-12-30,100000.0,262608.26611781586,1.6260826611781587,0.09180493654459876,0.11884673875321314,0.8002247043980181,1.07178580277604,-0.1476461117209654,0.6217904113729713,0.538712011577424,1.3439669661768965,61567.631,0.7832219137548929,571,0.0
no_bandit_c,0,no_bandit_c/seed0,2765,2015-01-02,2025-12-30,100000.0,172322.01634214932,0.7232201634214932,0.0507520366117471,0.1047237233722637,0.5262363711024899,0.5889977793393596,-0.22374577397227802,0.22682902881569172,0.4037626628075253,0.6741435183445434,29356.380500000003,0.5887758554622117,571,0.0
no_bandit_c,1,no_bandit_c/seed1,2765,2015-01-02,2025-12-30,100000.0,340853.68514397566,2.4085368514397567,0.11801706703828918,0.11617111196664806,1.0207125139602216,1.362344819222018,-0.12951192126727526,0.9112448173379807,0.5502894356005789,0.8929386737980575,47750.822,0.7657488040757294,571,0.0
no_bandit_c,2,no_bandit_c/seed2,2765,2015-01-02,2025-12-30,100000.0,332952.6152844777,2.3295261528447773,0.11563425036903507,0.1153977986038524,1.0082475008706049,1.3417834197193284,-0.13200144625950722,0.8760074502646343,0.5495658465991317,0.840579820248842,44875.260800000004,0.776545845422607,571,0.0
no_bandit_c,3,no_bandit_c/seed3,2765,2015-01-02,2025-12-30,100000.0,271432.3630924494,1.7143236309244938,0.09509245542716127,0.11705141936326598,0.8364782725158276,1.123122773771504,-0.1391827105863224,0.6832203154154269,0.5492040520984081,0.9149313466770014,43210.941900000005,0.7613064762489029,571,0.0
no_bandit_c,4,no_bandit_c/seed4,2765,2015-01-02,2025-12-30,100000.0,303597.9954581536,2.035979954581536,0.10630630011406428,0.11458826972316465,0.9411479181345148,1.229075965724622,-0.14341825335400957,0.7412327066322639,0.5510130246020261,0.904888211597273,46641.148400000005,0.7757018703557867,571,0.0
no_bandit_c,5,no_bandit_c/seed5,2765,2015-01-02,2025-12-30,100000.0,344673.5471417141,2.4467354714171408,0.11915111318646154,0.11449920273400047,1.0428480986014097,1.3802100249218892,-0.151564748171554,0.7861400135841355,0.5455861070911722,0.8901356106577811,48440.1442,0.7866006017744227,571,0.0
no_bandit_c,6,no_bandit_c/seed6,2765,2015-01-02,2025-12-30,100000.0,316097.1166195615,2.160971166195615,0.1103741750696956,0.11557470855067177,0.9659255594807009,1.2782782025335,-0.14819634156032627,0.744783399560276,0.5459479015918958,0.8862372448418586,44935.9841,0.779178996279383,571,0.0
no_bandit_c,7,no_bandit_c/seed7,2765,2015-01-02,2025-12-30,100000.0,340107.78869103146,2.4010778869103144,0.11779427687974153,0.11433619585662222,1.033517409894658,1.392402068822228,-0.1466283879436084,0.8033524649063444,0.5499276410998553,0.9089473528366043,51262.003800000006,0.7651235972907472,571,0.0
no_bandit_c,8,no_bandit_c/seed8,2765,2015-01-02,2025-12-30,100000.0,323400.5134419096,2.234005134419096,0.11268389950188129,0.11394836739796191,0.9963001550880953,1.3564905001385792,-0.14598703948640857,0.7718760507666312,0.5568017366136034,0.8857396598251585,48364.6802,0.7625348946019151,571,0.0
no_bandit_c,9,no_bandit_c/seed9,2765,2015-01-02,2025-12-30,100000.0,350927.7522211722,2.5092775222117223,0.12098343654848698,0.11441675971549076,1.0578368915420422,1.4132167760256722,-0.14212572531664247,0.8512423509463012,0.5510130246020261,0.8897041192463684,48196.5907,0.77258958347884,571,0.0
no_bandit_c,10,no_bandit_c/seed10,2765,2015-01-02,2025-12-30,100000.0,339271.0946992709,2.3927109469927093,0.11754383744063479,0.11421628020408893,1.0325560616339633,1.3535921940753777,-0.1463890295666404,0.8029552336578987,0.5495658465991317,0.8393735007425829,44582.7849,0.7721232776106617,571,0.0
no_bandit_c,11,no_bandit_c/seed11,2765,2015-01-02,2025-12-30,100000.0,244934.45384220616,1.4493445384220616,0.08490671099210134,0.11673277405556992,0.7581354130822574,1.0195234498826673,-0.1672486677526926,0.5076674877772496,0.5510130246020261,0.9500056911656766,43296.922,0.7610262793593473,571,0.0
no_bandit_c,12,no_bandit_c/seed12,2765,2015-01-02,2025-12-30,100000.0,337819.3075004771,2.3781930750047713,0.11710795286642894,0.11350767086555326,1.0347761733678704,1.400640668968126,-0.1374833090404775,0.8517976013506505,0.5470332850940666,0.8537530907480906,44725.916800000006,0.7715683406937525,571,0.0
no_bandit_c,13,no_bandit_c/seed13,2765,2015-01-02,2025-12-30,100000.0,302288.6585428457,2.022886585428457,0.10587140414475193,0.11381473438352074,0.9432645401423616,1.2546556999175482,-0.1224761325982236,0.8644247813739957,0.5488422575976846,0.8735257168601389,48133.071500000005,0.7796372368052281,571,0.0
no_bandit_c,14,no_bandit_c/seed14,2765,2015-01-02,2025-12-30,100000.0,323113.58120826463,2.231135812082646,0.11259405524714272,0.11539152030287876,0.9846100435390113,1.3063847733054275,-0.1535101264744422,0.7334633736093523,0.5517366136034733,0.8858308043124031,43266.197700000004,0.7854031077659217,571,0.0
no_bandit_c,15,no_bandit_c/seed15,2765,2015-01-02,2025-12-30,100000.0,273886.1080391088,1.738861080391088,0.0959893582393403,0.11423338914411964,0.8614579643075873,1.1577164527998978,-0.14444488564135496,0.6645396810910574,0.5510130246020261,0.8893435266627672,45236.4045,0.775781262255608,571,0.0
no_bandit_c,16,no_bandit_c/seed16,2765,2015-01-02,2025-12-30,100000.0,298637.85975304764,1.9863785975304764,0.1046496856028738,0.11657416014298391,0.9140874366433137,1.2466151809538673,-0.13916664465196882,0.7519739077175006,0.5520984081041969,0.9134490323494344,46606.8729,0.7719907380031003,571,0.0
no_bandit_c,17,no_bandit_c/seed17,2765,2015-01-02,2025-12-30,100000.0,267066.89428267407,1.6706689428267407,0.09347839235571986,0.11527831352680877,0.834729711964319,1.1178225485780158,-0.16092768392159068,0.580872041887247,0.5560781476121563,0.927592037252816,44508.0625,0.7643262103287296,571,0.0
no_bandit_c,18,no_bandit_c/seed18,2765,2015-01-02,2025-12-30,100000.0,394272.0327116322,2.942720327116322,0.13292293375028996,0.11499391536256891,1.1454630850658079,1.5489609549641639,-0.12798624527829316,1.0385720235894291,0.5473950795947902,0.8951088638106448,52050.712,0.7780133695781934,571,0.0
no_bandit_c,19,no_bandit_c/seed19,2765,2015-01-02,2025-12-30,100000.0,315120.3074418262,2.151203074418262,0.11006158585831138,0.11528206971554653,0.9656013684023943,1.2897699979174508,-0.19209128432687728,0.5729650163149628,0.5513748191027497,0.8944516850613162,44560.7655,0.7905255568953958,571,0.0
